category,company,company_site,employment_type,industry,job_category,location,office_address,job_title,vacancy
Accounting and Finance,Primal Enterprises Corporation,http://www.primal.com.ph,Full time,General & Wholesale Trading,IT,Quezon City,"Miller Street Baler Brgy Bungad SFDM, Quezon City, Metro Manila, Philippines",Credit And Collection Staff,2
Sales and Marketing,Alveo Land Corporation,http://www.alveoland.com.ph,Full time,Real Estate,IT,Pasig,"Alveo Corporate Center, Pasig, Metro Manila, Philippines",Property Specialist,100
IT and Software,M2.0 Communications Inc.,https://m2comms.com/,Full time,Public Relations / PR,IT,Quezon,"# 94 Scout Castor, Quezon, Metro Manila, Philippines",UI/UX Designer,1
Writing and Content,M2.0 Communications Inc.,https://m2comms.com/,Full time,Public Relations / PR,IT,Quezon City,"# 94 Scout Castor, Quezon City, Metro Manila, Philippines",Media Analyst,1
Customer Service,Concepcion Industrial Corporation,https://concepcion.ph/,Full time,Consumer Goods,IT,Muntinlupa,"Muntinlupa, Metro Manila, Philippines",Customer Service Support,1
Sales and Marketing,Alveo Land Corporation,http://www.alveoland.com.ph,Full time,Real Estate,IT,Pasig,"Alveo Corporate Center, Pasig, Metro Manila, Philippines",Sales Manager,51
IT and Software,Höegh Evi Services ROHQ,http://www.hoeghlng.com,Full time,Business Process Outsourcing,IT,Makati,"125 L.P. Leviste Street , Makati, Metro Manila, Philippines",Digital Workplace & Collaboration Services Lead,1
IT and Software,LeapFroggr Inc.,https://seriousmd.com,Full time,careers@leapfroggr.com,IT,Manila,"Manila, Metro Manila, Philippines",Android Developer,5
Accounting and Finance,PwC Philippines,https://www.pwc.com/ph/en.html,Full time,Accounting,IT,Makati,"Makati, Metro Manila, Philippines",Senior External Audit Associate,40
Accounting and Finance,PwC Philippines,https://www.pwc.com/ph/en.html,Full time,Accounting,IT,Makati,"Makati, Metro Manila, Philippines",External Audit Manager,20
Accounting and Finance,"Supima Holdings, Inc.",,Full time,Commercial Real Estate,IT,Pasig,"F. Ortigas Jr. Road, San Antonio, Pasig, Metro Manila, Philippines, Pasig, Metro Manila, Philippines",Senior Internal Auditor,1
Architecture and Engineering,Suitestudio Operations Inc.,http://www.suitestudio.com/,Full time,Information Technology / IT,IT,Pasig,"Pasig, Metro Manila, Philippines",AI Software Engineer,1
Media and Creatives,GINGERSNAPS Philippines,http://www.gingersnaps.com.ph,Full time,Apparel / Fashion,IT,Pasig,"St. Paul Compound, San Miguel, Pasig, Metro Manila, Philippines",Fashion Designer,1
Accounting and Finance,YSU Marketing Corporation,https://www.facebook.com/YSUMarketingCorpo/,Full time,Packaging / Containers,IT,Opol,"National Hwy, Taboc, Opol, Misamis Oriental, Philippines",Internal Auditor,1
Management and Consultancy,MedGrocer,http://www.medgrocer.com,Full time,Hospital / Health Care,IT,Makati,"408A, Sen. Gil Puyat Ave., Makati, Metro Manila, Philippines",Senior Digital Health Manager,1
Sales and Marketing,First Gen Corporation,https://www.firstgen.com.ph/,Full time,Utilities,IT,Pasig,"Ugong, Pasig, Metro Manila, Philippines",Customer Experience Management Analyst,1
IT and Software,MCS Philippines,http://www.mercolaconsultingservices.com/,Contractual,Information Technology / IT,IT,Makati,"312, Buendia, Bel-Air, Makati, Metro Manila, Philippines",Senior QA Engineer,1
Sales and Marketing,First Gen Corporation,https://www.firstgen.com.ph/,Full time,Utilities,IT,Pasig,"Ugong, Pasig, Metro Manila, Philippines",Marketing Communications Analyst,1
IT and Software,NCS Philippines Inc.,https://www.ncs.co,Full time,Information Technology / IT,IT,Taguig,"Fort Bonifacio, Taguig, Metro Manila, Philippines",Shared Services Operations Lead,3
IT and Software,NCS Philippines Inc.,https://www.ncs.co,Full time,Information Technology / IT,IT,Taguig,"Taguig, Metro Manila, Philippines",Cloud Engineer,1
IT and Software,NCS Philippines Inc.,https://www.ncs.co,Full time,Information Technology / IT,IT,Taguig,"Fort Bonifacio, Taguig, Metro Manila, Philippines",Junior Data Engineer,5
IT and Software,NCS Philippines Inc.,https://www.ncs.co,Full time,Information Technology / IT,IT,Taguig,"Fort Bonifacio, Taguig, Metro Manila, Philippines",IT Network Business Analyst,3
IT and Software,NCS Philippines Inc.,https://www.ncs.co,Full time,Information Technology / IT,IT,Taguig,"Fort Bonifacio, Taguig, Metro Manila, Philippines",DevSecOps Lead,1
IT and Software,NCS Philippines Inc.,https://www.ncs.co,Full time,Information Technology / IT,IT,Taguig,"Fort Bonifacio, Taguig, Metro Manila, Philippines",Center of Excellence for Cloud AWS or Alibaba,3
Accounting and Finance,Zenith Capital Credit Group Corporation,https://zenithcapital.ph,Full time,Financial Services,IT,Taguig,"Western Bicutan, Taguig, Metro Manila, Philippines",Credit Analyst,1
IT and Software,NCS Philippines Inc.,https://www.ncs.co,Contractual,Information Technology / IT,IT,Taguig,"Fort Bonifacio, Taguig, Metro Manila, Philippines",Network Engineer,1
IT and Software,NCS Philippines Inc.,https://www.ncs.co,Contractual,Information Technology / IT,IT,Taguig,"Fort Bonifacio, Taguig, Metro Manila, Philippines",Senior Data Engineer,2
IT and Software,NCS Philippines Inc.,https://www.ncs.co,Full time,Information Technology / IT,IT,Taguig,"Fort Bonifacio, Taguig, Metro Manila, Philippines",Data Engineer,1
IT and Software,NCS Philippines Inc.,https://www.ncs.co,Full time,Information Technology / IT,IT,Taguig,"Fort Bonifacio, Taguig, Metro Manila, Philippines",Senior Software Engineer with NodejS Java,1
IT and Software,NCS Philippines Inc.,https://www.ncs.co,Full time,Information Technology / IT,IT,Taguig,"Fort Bonifacio, Taguig, Metro Manila, Philippines",Senior Database Administrator,1
IT and Software,NCS Philippines Inc.,https://www.ncs.co,Full time,Information Technology / IT,IT,Taguig,"Fort Bonifacio, Taguig, Metro Manila, Philippines",Solutions Architect,5
IT and Software,NCS Philippines Inc.,https://www.ncs.co,Full time,Information Technology / IT,IT,Taguig,"Fort Bonifacio, Taguig, Metro Manila, Philippines",Software Engineer Fullstack Java Springboot,10
IT and Software,NCS Philippines Inc.,https://www.ncs.co,Full time,Information Technology / IT,IT,Taguig,"Taguig, Metro Manila, Philippines",Cloud Engineer,1
IT and Software,NCS Philippines Inc.,https://www.ncs.co,Full time,Information Technology / IT,IT,Taguig,"Fort Bonifacio, Taguig, Metro Manila, Philippines",Mid Systems Engineer at Urgent,1
IT and Software,NCS Philippines Inc.,https://www.ncs.co,Full time,Information Technology / IT,IT,Taguig,"Fort Bonifacio, Taguig, Metro Manila, Philippines",Data Engineer,2
IT and Software,NCS Philippines Inc.,https://www.ncs.co,Contractual,Information Technology / IT,IT,Cebu City,"Fort Bonifacio, Cebu City, Cebu, Philippines",Java Enterprise Edition,4
IT and Software,NCS Philippines Inc.,https://www.ncs.co,Full time,Information Technology / IT,IT,Taguig,"Fort Bonifacio, Taguig, Metro Manila, Philippines",Machine Learning Specialist,5
Administration and Coordination,AboitizPower,https://careers.aboitizpower.com,Full time,Oil / Energy / Solar / Greentech,IT,Makati,"Makati, Metro Manila, Philippines",Business Risk Planning and Continuity Management Supervisor,1
IT and Software,"Advanced World Systems, Inc. / Advanced World Solutions, Inc. (AWS)",http://www.awsys-i.com,Full time,Information Technology / IT,IT,Cebu City,"Cebu City, Central Visayas, Philippines",Site Reliability Engineer,2
Media and Creatives,M2.0 Communications Inc.,https://m2comms.com/,Full time,Public Relations / PR,IT,Quezon City,"# 94 Scout Castor, Quezon City, Metro Manila, Philippines",Videographer,1
IT and Software,NCS Philippines Inc.,https://www.ncs.co,Full time,Information Technology / IT,IT,Taguig,"Fort Bonifacio, Taguig, Metro Manila, Philippines",IT Business Analyst,1
Sales and Marketing,"Get Hooked 360, Inc.",http://www.gethooked360.com/,Full time,Marketing / Advertising / Sales,IT,Quezon City,"Quezon City, Metro Manila, Philippines",Community Management Associate,3
IT and Software,NCS Philippines Inc.,https://www.ncs.co,Full time,Information Technology / IT,IT,Taguig,"Fort Bonifacio, Taguig, Metro Manila, Philippines",Salesforce Developer,1
Sales and Marketing,My Mountain Mover Inc.,https://careers.mymountainmover.com/,Full time,Staffing / Recruiting,IT,Makati,"Makati, NCR, Philippines",Corporate Recruitment Lead,1
IT and Software,Ateneo de Manila University,http://www.ateneo.edu/,Full time,Higher Education / Academia,IT,Quezon City,"Katipunan Ave, Loyola Heights, Quezon City, Metro Manila, Philippines",Systems Analyst,1
Administration and Coordination,Ateneo de Manila University,http://www.ateneo.edu/,Full time,Higher Education / Academia,IT,Quezon City,"Katipunan Ave, Loyola Heights, Quezon City, Metro Manila, Philippines",Registration Officer for Quality Assurance I,1
IT and Software,Questronix Corporation,https://questronix.com.ph/,Full time,Information Technology / IT,IT,Makati,"178 Yakal St. Brgy. San Antonio, Makati, Metro Manila, Philippines",Data Analyst,2
IT and Software,Modulus Labs Inc.,http://modulus-labs.com,Full time,Information Technology / IT,IT,San Juan,"San Juan, Metro Manila, Philippines",Cloud Security Engineer,5
IT and Software,NCS Philippines Inc.,https://www.ncs.co,Full time,Information Technology / IT,IT,Taguig,"Fort Bonifacio, Taguig, Metro Manila, Philippines",Oracle CC&B Technical Architecture Senior Consultant,1
IT and Software,LeapFroggr Inc.,https://seriousmd.com,Full time,careers@leapfroggr.com,IT,Manila,"Manila, Metro Manila, Philippines",Apple iOS Developer,3
IT and Software,Stradcom Corporation,https://www.linkedin.com/company/stradcomph/mycompany/,Full time,Information Technology / IT,IT,Quezon City,"East Ave, Pinyahan, Quezon City, Metro Manila, Philippines",Database Administrator,1
Sales and Marketing,FindShare (Ideawell Corp),http://www.findshare.com/,Full time,E-Commerce,IT,Makati,"2nd Floor Saville Bldg., Makati, Metro Manila, Philippines","Junior Digital Marketing, HR, and Healthcare Solutions Officer",1
IT and Software,Stradcom Corporation,https://www.linkedin.com/company/stradcomph/mycompany/,Full time,Information Technology / IT,IT,Quezon City,"East Ave, Pinyahan, Quezon City, Metro Manila, Philippines",Cloud Platform Engineer,1
IT and Software,NCS Philippines Inc.,https://www.ncs.co,Full time,Information Technology / IT,IT,Taguig,"Fort Bonifacio, Taguig, Metro Manila, Philippines",Data Engineer,5
IT and Software,Triplex Enterprises Incorporated,https://triplexpaper.com/,Full time,Paper / Forest Products,IT,Makati,"2255 Chino Roces Ave, Makati, Metro Manila, Philippines",Computer Programmer,1
Writing and Content,SEO Hacker,http://seo-hacker.com,Full time,Marketing / Advertising / Sales,IT,Bacolod,"3F, C&C Building, Aguirre Ave., BF, Paranaque, 1720 Metro Manila, Bacolod, Negros Occidental, Philippines",Content Writer for Bacolod Branch,1
Customer Service,LeapFroggr Inc.,https://seriousmd.com,Full time,careers@leapfroggr.com,IT,Manila,"Escolta Street , Manila, Metro Manila, Philippines",Community Manager,1
Media and Creatives,CUE Digital International Phil. Branch,https://cue.group/en/,Full time,Marketing / Advertising / Sales,IT,Taguig,"Taguig, Metro Manila, Philippines",Digital Designer,1
Education and Training,Sprout Solutions,http://sprout.ph/,Full time,Information Technology / IT,IT,Pasig,"Pasig, Metro Manila, Philippines",Capability Development Manager,1
IT and Software,Multisys Technologies Corporation,https://www.multisyscorp.com/,Full time,Information Technology / IT,IT,Parañaque,"Mt. of Olives St, Moonwalk, Parañaque, Metro Manila, Philippines",System Analyst,1
IT and Software,NCS Philippines Inc.,https://www.ncs.co,Full time,Information Technology / IT,IT,Taguig,"Fort Bonifacio, Taguig, Metro Manila, Philippines",QA Lead,1
IT and Software,NCS Philippines Inc.,https://www.ncs.co,Full time,Information Technology / IT,IT,Taguig,"Fort Bonifacio, Taguig, Metro Manila, Philippines",Backend Developer,3
IT and Software,Media Meter,https://media-meter.net/,Full time,Public Relations / PR,IT,Quezon City,"# 94 Scout Castor, Quezon City, Metro Manila, Philippines",Junior Quality Assurance Tester,1
IT and Software,Media Meter,https://media-meter.net/,Full time,Public Relations / PR,IT,Quezon City,"# 94 Scout Castor, Quezon City, Metro Manila, Philippines",Junior Cloud Engineer,1
IT and Software,M2.0 Communications Inc.,https://m2comms.com/,Full time,Public Relations / PR,IT,Quezon City,"Don A. Roces Ave, Quezon City, Metro Manila, Philippines",Junior AI Software Engineer,1
IT and Software,NCS Philippines Inc.,https://www.ncs.co,Full time,Information Technology / IT,IT,Taguig,"Taguig, Metro Manila, Philippines",Business Analyst,1
IT and Software,Multisys Technologies Corporation,https://www.multisyscorp.com/,Full time,Information Technology / IT,IT,Parañaque,"Mt. of Olives St, Moonwalk, Parañaque, Metro Manila, Philippines",Business Analyst,4
IT and Software,LeapFroggr Inc.,https://seriousmd.com,Full time,careers@leapfroggr.com,IT,Manila,"Manila, Metro Manila, Philippines",Full Stack Developer,10
IT and Software,Media Meter,https://media-meter.net/,Full time,Public Relations / PR,IT,Quezon City,"Don A. Roces Ave, Quezon City, Metro Manila, Philippines",Junior Back End Developer,1
Health and Medical,LeapFroggr Inc.,https://seriousmd.com,Full time,careers@leapfroggr.com,IT,Manila,"Escolta Street , Manila, Metro Manila, Philippines",Senior UI/UX Designer,1
IT and Software,QUESTECH CO. INC,http://www.questech.com.ph,Full time,Information Technology / IT,IT,Makati,"Yakal St, Makati, Metro Manila, Philippines",IT Technical Presales,3
IT and Software,M2.0 Communications Inc.,https://m2comms.com/,Full time,Public Relations / PR,IT,Quezon City,"Don A. Roces Ave, Quezon City, Metro Manila, Philippines",Front End Developer I Web & Application Integration,1
Media and Creatives,Hire Manila,https://hiremanila.com/,Full time,Staffing / Recruiting,IT,Makati,"8767, Paseo de Roxas, Bel-Air, Makati, Metro Manila, Philippines",Senior Designer,1
IT and Software,Media Meter,https://media-meter.net/,Full time,Public Relations / PR,IT,Quezon City,"Don A. Roces Ave, Quezon City, Metro Manila, Philippines",Junior Data Engineer,1
IT and Software,MedGrocer,http://www.medgrocer.com,Full time,Hospital / Health Care,IT,Makati,"408A, Sen. Gil Puyat Ave., Makati, Metro Manila, Philippines",IT Manager,1
IT and Software,MedGrocer,http://www.medgrocer.com,Full time,Hospital / Health Care,IT,Makati,"408A, Sen. Gil Puyat Ave., Makati, Metro Manila, Philippines",IT Director,1
IT and Software,ThinkBIT Solutions,https://thinkbitsolutions.com/,Full time,Information Technology / IT,IT,Quezon City,"24 21st Avenue, Cubao, Quezon City, NCR, Philippines, Quezon City, NCR, Philippines",Quality Assurance Tester Work From Home,1
Accounting and Finance,WIBS PHP INC.,https://wibs-php.com/,Full time,Financial Services,IT,Makati,"6789, Ayala Ave, Bel-Air, Makati, Metro Manila, Philippines",Treasury and Internal Auditor,5
Education and Training,Ateneo de Manila University,http://www.ateneo.edu/,Contractual,Higher Education / Academia,IT,Makati,"Makati, Metro Manila, Philippines",Project Assistant,1
IT and Software,QueueFortress Inc.,https://www.queuefortress.com/,Full time,Information Technology / IT,IT,Manila,"Manila, Metro Manila, Philippines",IT Support Associate,2
IT and Software,Media Meter,https://media-meter.net/,Full time,Public Relations / PR,IT,Quezon City,"# 94 Scout Castor, Quezon City, Metro Manila, Philippines",Junior Quality Assurance Tester I,1
Writing and Content,GINGERSNAPS Philippines,http://www.gingersnaps.com.ph,Full time,Apparel / Fashion,IT,Pasig,"St. Paul Compound, San Miguel, Pasig, Metro Manila, Philippines",Copywriter,1
Writing and Content,Game8 Global Inc.,https://game8global.com/,Full time,Online Publishing,IT,Pasig,"Doña Julia Vargas Ave, Ugong, Pasig, Metro Manila, Philippines",Game Walkthrough Writer.,4
IT and Software,NCS Philippines Inc.,https://www.ncs.co,Full time,Information Technology / IT,IT,Taguig,"Fort Bonifacio, Taguig, Metro Manila, Philippines",Project Manager,3
Customer Service,Toyota Motor Philippines Corporation,http://www.toyota.com.ph,Full time,Automotive - Manufacturing,IT,Santa Rosa,"Toyota Special Economic Zone, Santa Rosa, Calabarzon, Philippines",Repair Support Engineer,1
Media and Creatives,"SG APAC, Inc.",https://www.slidegenius.ph/careers/,Full time,Graphic Design / Web Design,IT,Makati,"8757, Paseo de Roxas, Bel-Air, Makati, Metro Manila, Philippines",Graphic Designer,30
IT and Software,ThinkBIT Solutions,https://thinkbitsolutions.com/,Full time,Information Technology / IT,IT,Quezon City,"24 21st Avenue, Cubao, Quezon City, NCR, Philippines",Project Manager Work From Home,1
Customer Service,Ylopo LLC,https://www.ylopo.com/,Full time,Digital Marketing,IT,Manila,"4712, Admiralty Way, Marina del Rey, Manila, Metro Manila, Philippines",Data Entry Support Specialist,1
Sales and Marketing,DIREC BUSINESS TECHNOLOGIES INC.,https://direcbusiness.com/,Full time,Information Technology / IT,IT,Quezon City,"1670, Quezon Ave, South Triangle, Quezon City, Metro Manila, Philippines",Product Consultant NetSuite ERP Sales and Solution Consulting,1
Sales and Marketing,Alveo Land Corporation,http://www.alveoland.com.ph,Full time,Real Estate,IT,Angeles,"Alveo Corporate Center, Angeles, Pampanga, Philippines",Sales Manager,51
Sales and Marketing,Alveo Land Corporation,http://www.alveoland.com.ph,Full time,Real Estate,IT,Angeles,"Alveo Corporate Center, Angeles, Pampanga, Philippines",Property Specialist,100
IT and Software,Triplex Enterprises Incorporated,https://triplexpaper.com/,Full time,Paper / Forest Products,IT,Makati,"2255 Chino Roces Ave, Makati, Metro Manila, Philippines",Programmer,3
Architecture and Engineering,Suitestudio Operations Inc.,http://www.suitestudio.com/,Full time,Information Technology / IT,IT,Pasig,"Pasig, Metro Manila, Philippines",Data Architect,1
Accounting and Finance,GINGERSNAPS Philippines,http://www.gingersnaps.com.ph,Full time,Apparel / Fashion,IT,Pasig,"Warehouse 19 & 20, Armal Compound II, M. Eusebio Avenue, Brgy. San Miguel Pasig City, Pasig, Metro Manila, Philippines",Audit Supervisor,1
Sales and Marketing,"DMC Urban Property Developers Inc.,",https://www.facebook.com/profile.php?id=61550110834755,Full time,Real Estate / Mortgage,IT,Makati,"1321, Apolinario St, Bangkal, Makati, Metro Manila, Philippines",Financial Analyst,1
Management and Consultancy,MedGrocer,http://www.medgrocer.com,Full time,Hospital / Health Care,IT,Makati,"408A, Sen. Gil Puyat Ave., Makati, Metro Manila, Philippines",Digital Health Director,1
IT and Software,CIIT College of Arts and Technology,http://www.ciit.edu.ph/careers,Full time,Education and Training,IT,Quezon City,"94 Kamuning Road, Interweave Building, Quezon City, Metro Manila, Philippines",Prototyping and Fabrication Officer,1
Manufacturing and Production,"Mary Grace Foods, Inc.",https://www.marygracecafe.com/careers,Full time,Restaurants,IT,Parañaque,"Parañaque, Metro Manila, Philippines",Quality Assurance Associate,2
IT and Software,Questronix Corporation,https://questronix.com.ph/,Full time,Information Technology / IT,IT,Manila,"Manila, Metro Manila, Philippines",Service Delivery Manager,1
IT and Software,Modulus Labs Inc.,http://modulus-labs.com,Full time,Information Technology / IT,IT,San Juan,"San Juan, Metro Manila, Philippines",Project Manager,5
Customer Service,"Remedy Skintech, Inc.",http://www.remedy.ph,Full time,Information Technology / IT,IT,Makati,"5046 P Burgos , Makati, Metro Manila, Philippines",Patient Support Specialist,1
Media and Creatives,LeapFroggr Inc.,https://seriousmd.com,Full time,careers@leapfroggr.com,IT,Manila,"Escolta Street , Manila, Metro Manila, Philippines",Remote Digital Marketing Operations Specialist II and HubSpot Expert,5
IT and Software,LeapFroggr Inc.,https://seriousmd.com,Full time,careers@leapfroggr.com,IT,Manila,"Escolta Street , Manila, Metro Manila, Philippines",Shopify Expert,5
IT and Software,M2.0 Communications Inc.,https://m2comms.com/,Full time,Public Relations / PR,IT,Quezon City,"Don A. Roces Ave, Quezon City, Metro Manila, Philippines",Product Manager,1
Media and Creatives,IdeasXMachina Group of Hakuhodo,,Full time,Advertising,IT,Pasig,"146, Pasig Blvd, Bagong Ilog, Pasig, Metro Manila, Philippines",Copywriter,1
Sales and Marketing,Unicapital Group,http://www.unicapital-inc.com,Full time,Financial Services,IT,Makati,"3F Majalco Building, Makati, Metro Manila, Philippines",Client Acquisition Associate,1
IT and Software,NCS Philippines Inc.,https://www.ncs.co,Full time,Information Technology / IT,IT,Taguig,"Fort Bonifacio, Taguig, Metro Manila, Philippines",Senior Software Engineer Java,1
IT and Software,NCS Philippines Inc.,https://www.ncs.co,Full time,Information Technology / IT,IT,Taguig,"Fort Bonifacio, Taguig, Metro Manila, Philippines",Solution Sales Engineer,1
IT and Software,NCS Philippines Inc.,https://www.ncs.co,Full time,Information Technology / IT,IT,Makati,"Fort Bonifacio, Makati, Metro Manila, Philippines",Fullstack Developer Angular and Java,5
IT and Software,NCS Philippines Inc.,https://www.ncs.co,Full time,Information Technology / IT,IT,Taguig,"Fort Bonifacio, Taguig, Metro Manila, Philippines",Business Development Manager Telco Background,1
IT and Software,NCS Philippines Inc.,https://www.ncs.co,Full time,Information Technology / IT,IT,Taguig,"Fort Bonifacio, Taguig, Metro Manila, Philippines",Data Engineer,5
IT and Software,NCS Philippines Inc.,https://www.ncs.co,Full time,Information Technology / IT,IT,Taguig,"Fort Bonifacio, Taguig, Metro Manila, Philippines",UI/UX Designer,3
IT and Software,NCS Philippines Inc.,https://www.ncs.co,Full time,Information Technology / IT,IT,Taguig,"Fort Bonifacio, Taguig, Metro Manila, Philippines",.Software Engineer,1
IT and Software,NCS Philippines Inc.,https://www.ncs.co,Full time,Information Technology / IT,IT,Taguig,"Fort Bonifacio, Taguig, Metro Manila, Philippines",Fullstack Developer Java and Angular,1
IT and Software,NCS Philippines Inc.,https://www.ncs.co,Full time,Information Technology / IT,IT,Taguig,"Fort Bonifacio, Taguig, Metro Manila, Philippines",Machine Learning Operations Specialist,5
IT and Software,NCS Philippines Inc.,https://www.ncs.co,Full time,Information Technology / IT,IT,Taguig,"Fort Bonifacio, Taguig, Metro Manila, Philippines",DevOps,2
IT and Software,NCS Philippines Inc.,https://www.ncs.co,Full time,Information Technology / IT,IT,Taguig,"Taguig, Metro Manila, Philippines",iOS Developer,1
IT and Software,NCS Philippines Inc.,https://www.ncs.co,Full time,Information Technology / IT,IT,Taguig,"Fort Bonifacio, Taguig, Metro Manila, Philippines",FinOps Engineer,3
Architecture and Engineering,AboitizPower,https://careers.aboitizpower.com,Contractual,Oil / Energy / Solar / Greentech,IT,Makati,"Makati, Metro Manila, Philippines",Market Compliance Senior Analyst,1
Sales and Marketing,AboitizPower,https://careers.aboitizpower.com,Full time,Oil / Energy / Solar / Greentech,IT,Makati,"Makati, Metro Manila, Philippines",Technical Sales Analyst,1
IT and Software,"Advanced World Systems, Inc. / Advanced World Solutions, Inc. (AWS)",http://www.awsys-i.com,Full time,Information Technology / IT,IT,Cebu City,"Cebu City, Cebu, Philippines",Software Developers,3
IT and Software,"Advanced World Systems, Inc. / Advanced World Solutions, Inc. (AWS)",http://www.awsys-i.com,Full time,Information Technology / IT,IT,Muntinlupa,"Theater Dr, New Alabang Village, Muntinlupa, Metro Manila, Philippines",Quality Assurance Tester,2
IT and Software,Moongig,http://www.moongig.xyz,Full time,Information Technology / IT,IT,Makati,"Makati, Metro Manila, Philippines",Senior Full Stack Developer,1
IT and Software,M2.0 Communications Inc.,https://m2comms.com/,Full time,Public Relations / PR,IT,Quezon City,"# 94 Scout Castor, Quezon City, Metro Manila, Philippines",Quality Assurance Tester I Mid Level,1
IT and Software,1210 Services Inc.,https://1210servicesinc.ph/#index,Full time,Business Process Outsourcing,IT,Mandaluyong,"EDSA, Mandaluyong, Metro Manila, Philippines",DevOps Engineer,10
IT and Software,LeapFroggr Inc.,https://seriousmd.com,Full time,careers@leapfroggr.com,IT,Manila,"Manila, Metro Manila, Philippines",Senior Android Developer,5
Human Resources,Ateneo de Manila University,http://www.ateneo.edu/,Full time,Higher Education / Academia,IT,Quezon City,"Katipunan Ave, Loyola Heights, Quezon City, Metro Manila, Philippines",Workforce Management Analyst III,1
Sales and Marketing,2x (Formerly StraightArrow Corporation),https://www.linkedin.com/company/2xmarketing/about/,Full time,Marketing / Advertising / Sales,IT,Pasig,"Silvercity Annex 1, Frontera Verde, Pasig, Metro Manila, Philippines",Data Analyst,3
IT and Software,PC Worth,https://www.pcworth.com,Full time,Retail Industry,IT,Manila,"Earnshaw St, Barangay 148, Manila, Metro Manila, Philippines",Senior Level Full Stack Developer,2
Sales and Marketing,DIREC BUSINESS TECHNOLOGIES INC.,https://direcbusiness.com/,Full time,Information Technology / IT,IT,Quezon City,"1670, Quezon Ave, South Triangle, Quezon City, Metro Manila, Philippines",Cybersecurity & Cloud Product Consultant,1
IT and Software,Questronix Corporation,https://questronix.com.ph/,Full time,Information Technology / IT,IT,Makati,"178 Yakal , Makati, Kalakhang Maynila, Philippines",Software Engineer,1
IT and Software,ThinkBIT Solutions,https://thinkbitsolutions.com/,Full time,Information Technology / IT,IT,Quezon City,"Quezon City, Metro Manila, Philippines",Marketing Specialist Work From Home,1
IT and Software,Converge Studios Inc.,https://convergestudios.ai/,Full time,Information Technology / IT,IT,Quezon City,"Quezon City, Metro Manila, Philippines",Cloud Engineer,1
IT and Software,Stradcom Corporation,https://www.linkedin.com/company/stradcomph/mycompany/,Full time,Information Technology / IT,IT,Quezon City,"East Ave, Pinyahan, Quezon City, Metro Manila, Philippines",Cloud Engineer,1
Customer Service,Aviton Enterprises,http://www.icareph.com,Full time,E-Commerce,IT,Manila,"Manila, Metro Manila, Philippines",Chat Support Representative,1
IT and Software,Stradcom Corporation,https://www.linkedin.com/company/stradcomph/mycompany/,Full time,Information Technology / IT,IT,Quezon City,"East Avenue , Quezon City, Metro Manila, Philippines",ASP.Net Developer,2
IT and Software,NCS Philippines Inc.,https://www.ncs.co,Full time,Information Technology / IT,IT,Taguig,"Fort Bonifacio, Taguig, Metro Manila, Philippines",Data Engineer,2
Media and Creatives,Streamlined Campaigns,http://www.streamlinedcampaigns.com/,Full time,Media and Creatives,IT,Quezon City,"68, Mayon Ave, Santa Teresita, Quezon City, Metro Manila, Philippines",Video Editor,1
IT and Software,Sprout Solutions,http://sprout.ph/,Full time,Information Technology / IT,IT,Pasig,"Pasig, Metro Manila, Philippines",Director of Technical Operations,1
Human Resources,"DMC Urban Property Developers Inc.,",https://www.facebook.com/profile.php?id=61550110834755,Full time,Real Estate / Mortgage,IT,Makati,"1321, Apolinario St, Bangkal, Makati, Metro Manila, Philippines",HR Recruitment Assistant,1
IT and Software,Questronix Corporation,https://questronix.com.ph/,Full time,Information Technology / IT,IT,Makati,"178 Yakal , Makati, Kalakhang Maynila, Philippines, Makati, Kalakhang Maynila, Philippines",Client Representative,5
Media and Creatives,Media Meter,https://media-meter.net/,Full time,Public Relations / PR,IT,Quezon City,"# 94 Scout Castor, Quezon City, Metro Manila, Philippines",Media Analyst,2
Sales and Marketing,"Get Hooked 360, Inc.",http://www.gethooked360.com/,Full time,Marketing / Advertising / Sales,IT,Quezon City,"58, Highland Dr, Blue Ridge A, Quezon City, Metro Manila, Philippines",Digital Marketing Manager,1
IT and Software,NCS Philippines Inc.,https://www.ncs.co,Full time,Information Technology / IT,IT,Taguig,"Fort Bonifacio, Taguig, Metro Manila, Philippines",Android Developer,2
IT and Software,MCS Philippines,http://www.mercolaconsultingservices.com/,Full time,Information Technology / IT,IT,Makati,"312, Buendia, Bel-Air, Makati, Metro Manila, Philippines",Project Coordinator,1
IT and Software,SEO Hacker,http://seo-hacker.com,Full time,Marketing / Advertising / Sales,IT,Parañaque,"3F, C&C Building, Aguirre Ave., BF, Paranaque, 1720 Metro Manila, Parañaque, Metro Manila, Philippines",Web Developer,2
IT and Software,Media Meter,https://media-meter.net/,Full time,Public Relations / PR,IT,Quezon City,"121, Don A. Roces Ave, Laging Handa, Quezon City, Metro Manila, Philippines",Prompt Engineer,1
IT and Software,LeapFroggr Inc.,https://seriousmd.com,Full time,careers@leapfroggr.com,IT,Manila,"Manila, Metro Manila, Philippines",App Quality Assurance,1
IT and Software,Concepcion Industrial Corporation,https://concepcion.ph/,Full time,Consumer Goods,IT,Muntinlupa,"Muntinlupa, Metro Manila, Philippines",Business Analyst,1
Customer Service,Hire Manila,https://hiremanila.com/,Full time,Staffing / Recruiting,IT,Pasig,"Ortigas Center, Pasig, Metro Manila, Philippines, Pasig, Metro Manila, Philippines",Website Project Manager,6
IT and Software,Questronix Corporation,https://questronix.com.ph/,Full time,Information Technology / IT,IT,Makati,"178 Yakal St. Brgy. San Antonio, Makati, Metro Manila, Philippines",Software Development Trainee,1
IT and Software,NCS Philippines Inc.,https://www.ncs.co,Full time,Information Technology / IT,IT,Taguig,"Fort Bonifacio, Taguig, Metro Manila, Philippines",Fullstack Developer,3
Sales and Marketing,Toyota Motor Philippines Corporation,http://www.toyota.com.ph,Full time,Automotive - Manufacturing,IT,Makati,"6811, Ayala Ave, Bel-Air, Makati, Metro Manila, Philippines",Dealer Network Development Associate,4
Sales and Marketing,Toyota Motor Philippines Corporation,http://www.toyota.com.ph,Full time,Automotive - Manufacturing,IT,Makati,"6811, Ayala Ave, Bel-Air, Makati, Metro Manila, Philippines",Dealer Network Development Associate,4
Writing and Content,NCS Philippines Inc.,https://www.ncs.co,Full time,Information Technology / IT,IT,Taguig,"Fort Bonifacio, Taguig, Metro Manila, Philippines",Content Writer,1
IT and Software,Hire Manila,https://hiremanila.com/,Contractual,Staffing / Recruiting,IT,Pasig,"Ortigas Center, Pasig, Metro Manila, Philippines, Pasig, Metro Manila, Philippines",Full Stack Developer,1
IT and Software,NCS Philippines Inc.,https://www.ncs.co,Full time,Information Technology / IT,IT,Taguig,"Fort Bonifacio, Taguig, Metro Manila, Philippines",Fullstack Java Developer,1
IT and Software,MedGrocer,http://www.medgrocer.com,Full time,Hospital / Health Care,IT,Makati,"Poblacion, Makati, Metro Manila, Philippines",IT Software Project Manager,1
Media and Creatives,7th Media Digital Studios Inc.,https://7thmedia.com,Full time,Information Services,IT,Makati,"Makati, Metro Manila, Philippines",Graphic Designer,3
IT and Software,Questronix Corporation,https://questronix.com.ph/,Full time,Information Technology / IT,IT,Makati,"178 Yakal St. Brgy. San Antonio, Makati, Metro Manila, Philippines",Delivery Lead,1
IT and Software,Multisys Technologies Corporation,https://www.multisyscorp.com/,Full time,Information Technology / IT,IT,Parañaque,"Mt. of Olives St, Moonwalk, Parañaque, Metro Manila, Philippines",Technical Writer,2
IT and Software,UTAK POS,https://www.utak.io/careers,Full time,Information Technology / IT,IT,Quezon City,"LaunchGarage, Quezon City, Eastwood, Metro Manila, Philippines, Quezon City, Metro Manila, Philippines",Live Chat Support,1
IT and Software,Peroptyx Limited,https://www.peroptyx.com/en_GB/community/,Part time,Information Technology / IT,IT,Maigh Eo,"Maigh Eo, Connaught, Ireland",Data Analyst,25
Sales and Marketing,LeapFroggr Inc.,https://seriousmd.com,Full time,careers@leapfroggr.com,IT,Manila,"Escolta Street , Manila, Metro Manila, Philippines",Freight Forwarding Tele Sales Support Specialist,1
Writing and Content,Quezon City Local Government,https://quezoncity.gov.ph/,Full time,Government Administration,IT,Quezon City,"Metro Ave, Culiat, Quezon City, Metro Manila, Philippines",Report Developer,4
Sales and Marketing,Cibes Lift Philipines Inc.,https://cibeslift.com.ph/,Full time,Business Supplies / Equipment,IT,Makati,"2257, Chino Roces Ave Ext, Magallanes, Makati, Metro Manila, Philippines",Digital Marketing Specialist,1
Sales and Marketing,Alveo Land Corporation,http://www.alveoland.com.ph,Full time,Real Estate,IT,Taguig,"Alveo Corporate Center, Taguig, Metro Manila, Philippines",Property Specialist,100
IT and Software,Stradcom Corporation,https://www.linkedin.com/company/stradcomph/mycompany/,Full time,Information Technology / IT,IT,Quezon City,"East Ave, Pinyahan, Quezon City, Metro Manila, Philippines",Fullstack Developer,1
IT and Software,Stradcom Corporation,https://www.linkedin.com/company/stradcomph/mycompany/,Full time,Information Technology / IT,IT,Quezon City,"East Ave, Pinyahan, Quezon City, Metro Manila, Philippines",Senior Database Administrator,1
Accounting and Finance,PwC Philippines,https://www.pwc.com/ph/en.html,Full time,Accounting,IT,Makati,"Makati, Metro Manila, Philippines",External Audit Associate,20
IT and Software,Stradcom Corporation,https://www.linkedin.com/company/stradcomph/mycompany/,Full time,Information Technology / IT,IT,Quezon City,"East Ave, Pinyahan, Quezon City, Metro Manila, Philippines",Fullstack Developer,1
IT and Software,Stradcom Corporation,https://www.linkedin.com/company/stradcomph/mycompany/,Full time,Information Technology / IT,IT,Quezon City,"East Ave, Pinyahan, Quezon City, Metro Manila, Philippines",Senior Database Administrator,1
IT and Software,WIBS PHP INC.,https://wibs-php.com/,Full time,Financial Services,IT,Makati,"6789, Ayala Ave, Bel-Air, Makati, Metro Manila, Philippines",Software Engineer for Blockchain and Cryptocurrency Exchange,5
Legal,Hire Manila,https://hiremanila.com/,Full time,Staffing / Recruiting,IT,Quezon City,"Quezon City, Metro Manila, Philippines",Project Coordinator for Legal,2
IT and Software,Questronix Corporation,https://questronix.com.ph/,Full time,Information Technology / IT,IT,Makati,"178 Yakal St. Brgy. San Antonio, Makati, Metro Manila, Philippines",Infrastructure,1
IT and Software,NCS Philippines Inc.,https://www.ncs.co,Full time,Information Technology / IT,IT,Taguig,"Fort Bonifacio, Taguig, Metro Manila, Philippines",Dynamics Business Central Developer or Consultant,5
IT and Software,NCS Philippines Inc.,https://www.ncs.co,Full time,Information Technology / IT,IT,Taguig,"Fort Bonifacio, Taguig, Metro Manila, Philippines",DevOps Lead,2
IT and Software,NCS Philippines Inc.,https://www.ncs.co,Full time,Information Technology / IT,IT,Taguig,"Fort Bonifacio, Taguig, Metro Manila, Philippines",Machine Learning Operations,1
IT and Software,NCS Philippines Inc.,https://www.ncs.co,Full time,Information Technology / IT,IT,Taguig,"Fort Bonifacio, Taguig, Metro Manila, Philippines",Application Support Specialist,1
IT and Software,NCS Philippines Inc.,https://www.ncs.co,Full time,Information Technology / IT,IT,Taguig,"Fort Bonifacio, Taguig, Metro Manila, Philippines",Process Writer,1
IT and Software,NCS Philippines Inc.,https://www.ncs.co,Full time,Information Technology / IT,IT,Taguig,"Fort Bonifacio, Taguig, Metro Manila, Philippines",QA Engineer,1
IT and Software,NCS Philippines Inc.,https://www.ncs.co,Full time,Information Technology / IT,IT,Taguig,"Taguig, Metro Manila, Philippines",Succcessfactor Integrator or Hubspot Developer,1
IT and Software,Yanolja Cloud Solution Private Limited,https://www.yanoljacloudsolution.com/,Full time,Computer Software / Engineering,IT,Angeles,"Angeles, Central Luzon, Philippines",Sales Manager,1
Human Resources,GINGERSNAPS Philippines,http://www.gingersnaps.com.ph,Full time,Apparel / Fashion,IT,Pasig,"St. Paul Compound, San Miguel, Pasig, Metro Manila, Philippines",HR Recruiter,1
General Services,GINGERSNAPS Philippines,http://www.gingersnaps.com.ph,Full time,Apparel / Fashion,IT,Pasig,"St. Paul Compound, San Miguel, Pasig, Metro Manila, Philippines",Shopify Developer,1
IT and Software,MedGrocer,http://www.medgrocer.com,Full time,Hospital / Health Care,IT,Makati,"Salamanca St, Poblacion, Makati, Metro Manila, Philippines",QA Manager,1
Administration and Coordination,First Gen Corporation,https://www.firstgen.com.ph/,Full time,Utilities,IT,Pasig,"Ugong, Pasig, Metro Manila, Philippines",Sales Operations Analyst,1
Management and Consultancy,United Facade Corp,http://www.unitedfacade.com,Full time,Construction,IT,Manila,"Manila, Metro Manila, Philippines",Shop Drawing Review and Quality Control Professional,2
IT and Software,NCS Philippines Inc.,https://www.ncs.co,Full time,Information Technology / IT,IT,Makati,"Makati, Metro Manila, Philippines",Business Analyst,3
IT and Software,NCS Philippines Inc.,https://www.ncs.co,Full time,Information Technology / IT,IT,Taguig,"Fort Bonifacio, Taguig, Metro Manila, Philippines",Software Engineer Mulesoft Developer,1
Sales and Marketing,Ateneo de Manila University,http://www.ateneo.edu/,Full time,Higher Education / Academia,IT,Quezon City,"Katipunan Ave, Loyola Heights, Quezon City, Metro Manila, Philippines",Alumni Engagement and Networking Officer,1
Administration and Coordination,Ateneo de Manila University,http://www.ateneo.edu/,Full time,Higher Education / Academia,IT,Quezon City,"Katipunan Ave, Loyola Heights, Quezon City, Metro Manila, Philippines",QA Analyst,1
Architecture and Engineering,Ateneo de Manila University,http://www.ateneo.edu/,Full time,Higher Education / Academia,IT,Quezon City,"Katipunan Ave, Loyola Heights, Quezon City, Metro Manila, Philippines",Energy and Utilities Management Head,1
IT and Software,M2.0 Communications Inc.,https://m2comms.com/,Full time,Public Relations / PR,IT,Quezon City,"Don A. Roces Ave, Quezon City, Metro Manila, Philippines",Junior Product Manager,1
IT and Software,LeapFroggr Inc.,https://seriousmd.com,Full time,careers@leapfroggr.com,IT,Manila,"Manila, Metro Manila, Philippines",Senior Data Scientist,3
Customer Service,Hire Manila,https://hiremanila.com/,Full time,Staffing / Recruiting,IT,Pasig,"Ortigas Center, Pasig, Metro Manila, Philippines, Pasig, Metro Manila, Philippines",Digital Strategist,6
IT and Software,LeapFroggr Inc.,https://seriousmd.com,Full time,careers@leapfroggr.com,IT,Manila,"Escolta Street , Manila, Metro Manila, Philippines",Back End Developer,10
IT and Software,"Advanced World Systems, Inc. / Advanced World Solutions, Inc. (AWS)",http://www.awsys-i.com,Full time,Information Technology / IT,IT,Cebu City,"Cebu City, Central Visayas, Philippines",Quality Assurance Tester,10
IT and Software,Media Meter,https://media-meter.net/,Full time,Public Relations / PR,IT,Quezon City,"123, Don A. Roces Ave, Laging Handa, Quezon City, Metro Manila, Philippines",DevOps Engineer,1
IT and Software,NCS Philippines Inc.,https://www.ncs.co,Full time,Information Technology / IT,IT,Taguig,"Taguig, Metro Manila, Philippines",Scrum Master,1
Sales and Marketing,"Get Hooked 360, Inc.",http://www.gethooked360.com/,Full time,Marketing / Advertising / Sales,IT,Quezon City,"Quezon City, Metro Manila, Philippines",Assistant Digital Marketing Manager,1
Education and Training,CIIT College of Arts and Technology,http://www.ciit.edu.ph/careers,Full time,Education and Training,IT,Quezon City,"94 Kamuning Road, Interweave Building, Quezon City, Metro Manila, Philippines",Facilities Electrical Engineer,1
Sales and Marketing,"Get Hooked 360, Inc.",http://www.gethooked360.com/,Full time,Marketing / Advertising / Sales,IT,Quezon City,"Quezon City, Metro Manila, Philippines",Digital Marketing Associate,1
Accounting and Finance,Ateneo de Manila University,http://www.ateneo.edu/,Full time,Higher Education / Academia,IT,Pasig,"Ortigas Ave, Pasig, Metro Manila, Philippines",Finance Support Assistant,1
IT and Software,Sprout Solutions,http://sprout.ph/,Full time,Information Technology / IT,IT,Pasig,"Pasig, Metro Manila, Philippines",Global Technology & Operations Transformation Director,1
Management and Consultancy,Sprout Solutions,http://sprout.ph/,Full time,Information Technology / IT,IT,Mandaluyong,"United St, Highway Hills, Mandaluyong, Metro Manila, Philippines",Corporate Leadership Analyst,1
Sales and Marketing,"Spiralytics, Inc",https://www.spiralytics.com,Full time,Marketing / Advertising / Sales,IT,Makati,"121, Paseo de Roxas, San Lorenzo, Makati, Metro Manila, Philippines",Digital PR Specialist,1
IT and Software,LeapFroggr Inc.,https://seriousmd.com,Full time,careers@leapfroggr.com,IT,Manila,"Manila, Metro Manila, Philippines",Senior Data Scientist,3
Customer Service,Hire Manila,https://hiremanila.com/,Full time,Staffing / Recruiting,IT,Pasig,"Ortigas Center, Pasig, Metro Manila, Philippines, Pasig, Metro Manila, Philippines",Digital Strategist,6
IT and Software,LeapFroggr Inc.,https://seriousmd.com,Full time,careers@leapfroggr.com,IT,Manila,"Escolta Street , Manila, Metro Manila, Philippines",Back End Developer,10
IT and Software,"Advanced World Systems, Inc. / Advanced World Solutions, Inc. (AWS)",http://www.awsys-i.com,Full time,Information Technology / IT,IT,Cebu City,"Cebu City, Central Visayas, Philippines",Quality Assurance Tester,10
IT and Software,Media Meter,https://media-meter.net/,Full time,Public Relations / PR,IT,Quezon City,"123, Don A. Roces Ave, Laging Handa, Quezon City, Metro Manila, Philippines",DevOps Engineer,1
Sales and Marketing,2x (Formerly StraightArrow Corporation),https://www.linkedin.com/company/2xmarketing/about/,Full time,Marketing / Advertising / Sales,IT,Pasig,"Silvercity Annex 1, Frontera Verde, Pasig, Metro Manila, Philippines",Senior Content Writer,4
Health and Medical,LeapFroggr Inc.,https://seriousmd.com,Full time,careers@leapfroggr.com,IT,Manila,"Escolta Street , Manila, Metro Manila, Philippines",Senior UI Designer,1
Accounting and Finance,PwC Philippines,https://www.pwc.com/ph/en.html,Full time,Accounting,IT,Makati,"Makati, Metro Manila, Philippines",External Audit Associate,20
Public Service and NGOs,Quezon City Local Government,https://quezoncity.gov.ph/,Part time,Government Administration,IT,Quezon City,"Elliptical Road , Quezon City, Metro Manila, Philippines",Quezon City Internship Program,50
IT and Software,LeapFroggr Inc.,https://seriousmd.com,Full time,careers@leapfroggr.com,IT,Manila,"Manila, Metro Manila, Philippines",Front End Developer,5
Administration and Coordination,First Gen Corporation,https://www.firstgen.com.ph/,Full time,Utilities,IT,Pasig,"Ugong, Pasig, Metro Manila, Philippines",Business Support Associate,1
IT and Software,Multisys Technologies Corporation,https://www.multisyscorp.com/,Full time,Information Technology / IT,IT,Parañaque,"Mt. of Olives St, Moonwalk, Parañaque, Metro Manila, Philippines",IT Project Manager,1
IT and Software,NCS Philippines Inc.,https://www.ncs.co,Full time,Information Technology / IT,IT,Taguig,"Fort Bonifacio, Taguig, Metro Manila, Philippines",Database Administrator,1
IT and Software,Media Meter,https://media-meter.net/,Full time,Public Relations / PR,IT,Quezon City,"# 94 Scout Castor, Quezon City, Metro Manila, Philippines",IT Project Manager,1
IT and Software,NCS Philippines Inc.,https://www.ncs.co,Full time,Information Technology / IT,IT,Taguig,"Fort Bonifacio, Taguig, Metro Manila, Philippines",Scrum Master I Project Manager,10
IT and Software,"Advanced World Systems, Inc. / Advanced World Solutions, Inc. (AWS)",http://www.awsys-i.com,Full time,Information Technology / IT,IT,Cebu,"Cebu, Central Visayas, Philippines, Cebu, Central Visayas, Philippines",Junior Software Developer,30
IT and Software,NCS Philippines Inc.,https://www.ncs.co,Full time,Information Technology / IT,IT,Taguig,"Fort Bonifacio, Taguig, Metro Manila, Philippines",Data Analyst,1
IT and Software,Questronix Corporation,https://questronix.com.ph/,Full time,Information Technology / IT,IT,Makati,"Makati, Metro Manila, Philippines",Node.js Developer,1
Administration and Coordination,SEO Hacker,http://seo-hacker.com,Full time,Marketing / Advertising / Sales,IT,Parañaque,"3F, C&C Building, Aguirre Ave., BF, Paranaque, 1720 Metro Manila, Parañaque, Metro Manila, Philippines",Web Success Auditor,1
IT and Software,Media Meter,https://media-meter.net/,Full time,Public Relations / PR,IT,Quezon,"# 94 Scout Castor, Quezon, Metro Manila, Philippines",Junior Back End Developer,1
Legal,Hire Manila,https://hiremanila.com/,Full time,Staffing / Recruiting,IT,Quezon City,"Quezon City, Metro Manila, Philippines",Corporate Compliance Officer,2
IT and Software,NCS Philippines Inc.,https://www.ncs.co,Full time,Information Technology / IT,IT,Taguig,"Fort Bonifacio, Taguig, Metro Manila, Philippines",Data Analyst,1
IT and Software,Questronix Corporation,https://questronix.com.ph/,Full time,Information Technology / IT,IT,Makati,"Makati, Metro Manila, Philippines",Node.js Developer,1
Human Resources,Toyota Motor Philippines Corporation,http://www.toyota.com.ph,Full time,Automotive - Manufacturing,IT,Santa Rosa,"Sta. Rosa-Tagaytay National Hwy, Pulong Santa Cruz, Santa Rosa, Laguna, Philippines",Payroll Analyst,1
Writing and Content,M2.0 Communications Inc.,https://m2comms.com/,Full time,Public Relations / PR,IT,Quezon,"# 94 Scout Castor, Quezon, Metro Manila, Philippines",Junior Reports Analyst,1
IT and Software,Media Meter,https://media-meter.net/,Full time,Public Relations / PR,IT,Quezon City,"Don A. Roces Ave, Quezon City, Metro Manila, Philippines",Front End Developer,1
IT and Software,ITVT Philippines Inc.,https://www.itvt.de/,Full time,Computer Software / Engineering,IT,Pasig,"Pasig, Metro Manila, Philippines",Young Professional Administrative Assistant,1
IT and Software,Media Meter,https://media-meter.net/,Full time,Public Relations / PR,IT,Quezon City,"# 94 Scout Castor, Quezon City, Metro Manila, Philippines",Quality Assurance Tester,1
Writing and Content,"Adarna House, Inc.",http://www.adarna.com.ph,Contractual,Publishing,IT,Quezon,"109 Scout Fernandez Street, Quezon, Metro Manila, Philippines",Developmental Editor,1
Human Resources,Stradcom Corporation,https://www.linkedin.com/company/stradcomph/mycompany/,Full time,Information Technology / IT,IT,Quezon City,"East Ave, Pinyahan, Quezon City, Metro Manila, Philippines",Technical Recruiter,1
IT and Software,M2.0 Communications Inc.,https://m2comms.com/,Full time,Public Relations / PR,IT,Quezon,"# 94 Scout Castor, Quezon, Metro Manila, Philippines",Junior IT Project Manager,1
Education and Training,UTAK POS,https://www.utak.io/careers,Full time,Information Technology / IT,IT,Quezon City,"LaunchGarage, Quezon City, Eastwood, Metro Manila, Philippines, Quezon City, Metro Manila, Philippines",Digital Training Associate,1
IT and Software,"Evo Tech Software Solutions, Inc.",https://evotechdev.com/,Full time,Information Technology / IT,IT,Cebu City,"Cebu City, Cebu, Philippines",DevOps Engineer,1
IT and Software,Yanolja Cloud Solution Private Limited,https://www.yanoljacloudsolution.com/,Full time,Computer Software / Engineering,IT,Iloilo City,"Iloilo City, Western Visayas, Philippines",Sales Manager,1
IT and Software,LeapFroggr Inc.,https://seriousmd.com,Full time,careers@leapfroggr.com,IT,Manila,"Manila, Metro Manila, Philippines",Software Architect,4
Sciences,"CoreData Research Services, Inc.",http://www.coredata.com.au/,Full time,Consulting,IT,Pasig,"Exchange Rd, San Antonio, Pasig, Metro Manila, Philippines",Senior Research Analyst,1
IT and Software,Yanolja Cloud Solution Private Limited,https://www.yanoljacloudsolution.com/,Full time,Computer Software / Engineering,IT,Iloilo City,"Iloilo City, Western Visayas, Philippines",Sales Manager,1
IT and Software,LeapFroggr Inc.,https://seriousmd.com,Full time,careers@leapfroggr.com,IT,Manila,"Manila, Metro Manila, Philippines",Software Architect,4
Sciences,"CoreData Research Services, Inc.",http://www.coredata.com.au/,Full time,Consulting,IT,Pasig,"Exchange Rd, San Antonio, Pasig, Metro Manila, Philippines",Senior Research Analyst,1
IT and Software,Nova Virtual Solutions,https://www.linkedin.com/showcase/108417485/admin/dashboard/,Full time,Hospital / Health Care,IT,Mandaluyong,"Mandaluyong, Metro Manila, Philippines",Senior DevOps Engineer Platforms and Development,2
IT and Software,Multisys Technologies Corporation,https://www.multisyscorp.com/,Full time,Information Technology / IT,IT,Parañaque,"Mt. of Olives St, Moonwalk, Parañaque, Metro Manila, Philippines",Business Development Officer,4
IT and Software,Multisys Technologies Corporation,https://www.multisyscorp.com/,Full time,Information Technology / IT,IT,Parañaque,"Mt. of Olives St, Moonwalk, Parañaque, Metro Manila, Philippines",Solution Architect,1
IT and Software,"Electronic Commerce Payments, Inc. (ECPay)",http://www.ecpay.com.ph,Full time,Financial Services,IT,Quezon City,"2F, Eastwood Ave, Bagumbayan, Quezon City, Metro Manila, Philippines",Compliance Testing Analyst,1
Sales and Marketing,"Electronic Commerce Payments, Inc. (ECPay)",http://www.ecpay.com.ph,Full time,Financial Services,IT,Quezon City,"2F, Eastwood Ave, Bagumbayan, Quezon City, Metro Manila, Philippines",Merchant Acquisition and Management Head,1
General Services,GINGERSNAPS Philippines,http://www.gingersnaps.com.ph,Full time,Apparel / Fashion,IT,Pasig,"St. Paul Compound, San Miguel, Pasig, Metro Manila, Philippines",Fashion Designer,1
IT and Software,MedGrocer,http://www.medgrocer.com,Full time,Hospital / Health Care,IT,Makati,"408A, Sen. Gil Puyat Ave., Makati, Metro Manila, Philippines",Senior UI Manager,1
IT and Software,MCS Philippines,http://www.mercolaconsultingservices.com/,Contractual,Information Technology / IT,IT,Makati,"21F Trident Tower, 312 Sen Gil Puyat Avenue, Makati City, Makati, Metro Manila, Philippines",Web Analyst,1
IT and Software,MCS Philippines,http://www.mercolaconsultingservices.com/,Contractual,Information Technology / IT,IT,Makati,"312, Buendia, Bel-Air, Makati, Metro Manila, Philippines",Senior Full Stack Developer,1
IT and Software,MCS Philippines,http://www.mercolaconsultingservices.com/,Contractual,Information Technology / IT,IT,Makati,"312, Buendia, Bel-Air, Makati, Metro Manila, Philippines",Lab Coach Integration Manager,1
IT and Software,Converge Studios Inc.,https://convergestudios.ai/,Full time,Information Technology / IT,IT,Quezon City,"Quezon City, Metro Manila, Philippines",Technical Trainer,1
IT and Software,PC Worth,https://www.pcworth.com,Full time,Retail Industry,IT,Manila,"Earnshaw St, Barangay 148, Manila, Metro Manila, Philippines",Mid Level Full Stack Developer,2
Management and Consultancy,Top1Movers Worldwide Inc,https://top1movers.com/,Full time,Logistics / Procurement,IT,Manila,"Santa Monica, Manila, Metro Manila, Philippines",Quality Assurance Officer,1
IT and Software,Hire Manila,https://hiremanila.com/,Full time,Staffing / Recruiting,IT,Makati,"8767, Paseo de Roxas, Bel-Air, Makati, Metro Manila, Philippines",Marketing Web Developer,1
Legal,Hire Manila,https://hiremanila.com/,Full time,Staffing / Recruiting,IT,Quezon City,"8767, Paseo de Roxas, Bel-Air, Quezon City, Metro Manila, Philippines",Senior Corporate Compliance Officer,1
IT and Software,Modulus Labs Inc.,http://modulus-labs.com,Full time,Information Technology / IT,IT,San Juan,"San Juan, Metro Manila, Philippines",Senior Devops,5
IT and Software,Questronix Corporation,https://questronix.com.ph/,Full time,Information Technology / IT,IT,Makati,"178 Yakal St. Brgy. San Antonio, Makati, Metro Manila, Philippines",DevOps Engineer,2
IT and Software,NCS Philippines Inc.,https://www.ncs.co,Full time,Information Technology / IT,IT,Taguig,"Fort Bonifacio, Taguig, Metro Manila, Philippines",Enterprise Architect,3
IT and Software,NCS Philippines Inc.,https://www.ncs.co,Contractual,Information Technology / IT,IT,Taguig,"Fort Bonifacio, Taguig, Metro Manila, Philippines",SAP Quality Management,1
IT and Software,NCS Philippines Inc.,https://www.ncs.co,Full time,Information Technology / IT,IT,Taguig,"Fort Bonifacio, Taguig, Metro Manila, Philippines",Senior AEM Developer,2
IT and Software,NCS Philippines Inc.,https://www.ncs.co,Full time,Information Technology / IT,IT,Taguig,"Fort Bonifacio, Taguig, Metro Manila, Philippines",Data Engineer Python,4
IT and Software,NCS Philippines Inc.,https://www.ncs.co,Full time,Information Technology / IT,IT,Taguig,"Fort Bonifacio, Taguig, Metro Manila, Philippines",Senior Database Administrator,1
IT and Software,NCS Philippines Inc.,https://www.ncs.co,Contractual,Information Technology / IT,IT,Taguig,"Taguig, Metro Manila, Philippines",SAP ABAP Development for HANA,1
IT and Software,NCS Philippines Inc.,https://www.ncs.co,Contractual,Information Technology / IT,IT,Taguig,"Fort Bonifacio, Taguig, Metro Manila, Philippines",Infra .Net Developer,1
IT and Software,NCS Philippines Inc.,https://www.ncs.co,Full time,Information Technology / IT,IT,Taguig,"Fort Bonifacio, Taguig, Metro Manila, Philippines",Senior Data Analyst,4
Sales and Marketing,NCS Philippines Inc.,https://www.ncs.co,Full time,Information Technology / IT,IT,Taguig,"Fort Bonifacio, Taguig, Metro Manila, Philippines",Business Development Manager for IT Accounts,3
IT and Software,NCS Philippines Inc.,https://www.ncs.co,Full time,Information Technology / IT,IT,Taguig,"Fort Bonifacio, Taguig, Metro Manila, Philippines",Data Engineer,5
IT and Software,NCS Philippines Inc.,https://www.ncs.co,Full time,Information Technology / IT,IT,Taguig,"Fort Bonifacio, Taguig, Metro Manila, Philippines",Data Architect,1
IT and Software,NCS Philippines Inc.,https://www.ncs.co,Full time,Information Technology / IT,IT,Taguig,"Fort Bonifacio, Taguig, Metro Manila, Philippines",Business Development Manager for Telco or Fintech,4
IT and Software,NCS Philippines Inc.,https://www.ncs.co,Full time,Information Technology / IT,IT,Taguig,"Fort Bonifacio, Taguig, Metro Manila, Philippines",Senior Database Administrator,1
IT and Software,NCS Philippines Inc.,https://www.ncs.co,Full time,Information Technology / IT,IT,Taguig,"Fort Bonifacio, Taguig, Metro Manila, Philippines",Cloud Engineer,2
IT and Software,NCS Philippines Inc.,https://www.ncs.co,Full time,Information Technology / IT,IT,Taguig,"Fort Bonifacio, Taguig, Metro Manila, Philippines",Project Manager with Banking Experience,1
IT and Software,NCS Philippines Inc.,https://www.ncs.co,Full time,Information Technology / IT,IT,Taguig,"Fort Bonifacio, Taguig, Metro Manila, Philippines",Process Writer ⁿ,5
IT and Software,NCS Philippines Inc.,https://www.ncs.co,Full time,Information Technology / IT,IT,Taguig,"Fort Bonifacio, Taguig, Metro Manila, Philippines",SAP HANA Database Administration,1
IT and Software,NCS Philippines Inc.,https://www.ncs.co,Full time,Information Technology / IT,IT,Taguig,"Fort Bonifacio, Taguig, Metro Manila, Philippines",IT Project Manager,1
IT and Software,NCS Philippines Inc.,https://www.ncs.co,Full time,Information Technology / IT,IT,Taguig,"Fort Bonifacio, Taguig, Metro Manila, Philippines",IT Service Desk,1
IT and Software,NCS Philippines Inc.,https://www.ncs.co,Full time,Information Technology / IT,IT,Taguig,"Fort Bonifacio, Taguig, Metro Manila, Philippines",Data Engineer,1
IT and Software,NCS Philippines Inc.,https://www.ncs.co,Full time,Information Technology / IT,IT,Makati,"Fort Bonifacio, Makati, Metro Manila, Philippines",Angular Developer,5
Media and Creatives,AnyMind Philippines Inc.,http://www.anymindgroup.com,Part time,Marketing / Advertising / Sales,IT,Taguig,"Taguig, Metro Manila, Philippines",Social Commerce Video Editor,3
Media and Creatives,"Adarna House, Inc.",http://www.adarna.com.ph,Full time,Publishing,IT,Quezon,"109 Scout Fernandez Street, Quezon, Metro Manila, Philippines",Multimedia Designer,1
Health and Medical,LeapFroggr Inc.,https://seriousmd.com,Full time,careers@leapfroggr.com,IT,Manila,"Escolta Street , Manila, Metro Manila, Philippines",Product Support Specialist,1
Customer Service,Hire Manila,https://hiremanila.com/,Full time,Staffing / Recruiting,IT,Pasig,"Ortigas Center, Pasig, Metro Manila, Philippines, Pasig, Metro Manila, Philippines",VIP Web Consultant,3
Sales and Marketing,"Doxo Ingredients, Inc.",https://doxo.com.ph/,Full time,Food / Beverages,IT,Quezon City,"Quezon City, Metro Manila, Philippines",Digital Marketing Analyst,1
IT and Software,NCS Philippines Inc.,https://www.ncs.co,Full time,Information Technology / IT,IT,Taguig,"Fort Bonifacio, Taguig, Metro Manila, Philippines",QA Lead,5
IT and Software,Ateneo de Manila University,http://www.ateneo.edu/,Full time,Higher Education / Academia,IT,Quezon City,"Katipunan Ave, Loyola Heights, Quezon City, Metro Manila, Philippines",Client Manager for IT,1
Accounting and Finance,PAFCPIC | Philippine Army Finance Center Producers Integrated Cooperative,https://pafcpic.ph/,Full time,Financial Services,IT,Taguig City,"Bayani Rd, Western Bicutan, Taguig City, Metro Manila, Philippines",Operational Auditor,1
IT and Software,NCS Philippines Inc.,https://www.ncs.co,Full time,Information Technology / IT,IT,Taguig,"Fort Bonifacio, Taguig, Metro Manila, Philippines",Data Engineer,3
IT and Software,xDNA DIGITAL AGENCY INC,https://xdnainteractive.com,Full time,Information Technology / IT,IT,Makati,"Sotto, San Lorenzo, Makati, Metro Manila, Philippines",Senior Full Stack Developer,1
IT and Software,Hire Manila,https://hiremanila.com/,Contractual,Staffing / Recruiting,IT,Pasig,"8767, Paseo de Roxas, Bel-Air, Pasig, Metro Manila, Philippines",SEO Strategist Contractor,1
IT and Software,LeapFroggr Inc.,https://seriousmd.com,Full time,careers@leapfroggr.com,IT,Manila,"Escolta Street , Manila, Metro Manila, Philippines",Shopify Developer,5
IT and Software,"Advanced World Systems, Inc. / Advanced World Solutions, Inc. (AWS)",http://www.awsys-i.com,Full time,Information Technology / IT,IT,Cebu City,"Cebu City, Central Visayas, Philippines",Python Developer,3
IT and Software,Triplex Enterprises Incorporated,https://triplexpaper.com/,Full time,Paper / Forest Products,IT,Makati,"2255 Chino Roces Ave, Makati, Metro Manila, Philippines",Onsite Technical Support,1
Health and Medical,"Vector Outsourcing Solutions Phils., Inc.",https://vectoroutsourcingbpo.com/,Full time,Business Process Outsourcing,IT,Mandaluyong,"530, Shaw Blvd, Wack-Wack Greenhills, Mandaluyong, Metro Manila, Philippines",Senior Billing Specialist,5
IT and Software,Media Meter,https://media-meter.net/,Full time,Public Relations / PR,IT,Quezon City,"123, Don A. Roces Ave, Laging Handa, Quezon City, Metro Manila, Philippines",Junior DevOps Engineer,1
IT and Software,MCS Philippines,http://www.mercolaconsultingservices.com/,Contractual,Information Technology / IT,IT,Makati,"312, Buendia, Bel-Air, Makati, Metro Manila, Philippines",QA Manager,1
Supply Chain,AboitizPower,https://careers.aboitizpower.com,Full time,Oil / Energy / Solar / Greentech,IT,Makati,"Makati, Metro Manila, Philippines",SCM Data and Systems Manager,1
Writing and Content,M2.0 Communications Inc.,https://m2comms.com/,Full time,Public Relations / PR,IT,Quezon City,"Don A. Roces Ave, Quezon City, Metro Manila, Philippines",Media Analyst I MMI,1
IT and Software,MCS Philippines,http://www.mercolaconsultingservices.com/,Contractual,Information Technology / IT,IT,Makati,"312, Buendia, Bel-Air, Makati, Metro Manila, Philippines",Ecommerce Web Specialist,1
IT and Software,NCS Philippines Inc.,https://www.ncs.co,Full time,Information Technology / IT,IT,Taguig,"Taguig, Metro Manila, Philippines",Service Desk,1
Customer Service,Hire Manila,https://hiremanila.com/,Full time,Staffing / Recruiting,IT,Muntinlupa,"8767, Paseo de Roxas, Bel-Air, Muntinlupa, Metro Manila, Philippines",Community Associate,4
IT and Software,NCS Philippines Inc.,https://www.ncs.co,Full time,Information Technology / IT,IT,Taguig,"Fort Bonifacio, Taguig, Metro Manila, Philippines",Software Engineer,1
Education and Training,Ateneo de Manila University,http://www.ateneo.edu/,Full time,Higher Education / Academia,IT,Quezon City,"Katipunan Ave, Loyola Heights, Quezon City, Metro Manila, Philippines",Project Assistant,1
Accounting and Finance,XScribe Solutions Inc,http://www.xscribeinc.com,Full time,Information Technology / IT,IT,Quezon City,"Quezon City, Metro Manila, Philippines",Accounts Receivable Analyst,1
IT and Software,Ateneo de Manila University,http://www.ateneo.edu/,Full time,Higher Education / Academia,IT,Quezon City,"Katipunan Ave, Loyola Heights, Quezon City, Metro Manila, Philippines",Customer Relationship Management,1
IT and Software,NCS Philippines Inc.,https://www.ncs.co,Full time,Information Technology / IT,IT,Taguig,"Fort Bonifacio, Taguig, Metro Manila, Philippines",IT Project Manager Banking Industry,1
IT and Software,"Advanced World Systems, Inc. / Advanced World Solutions, Inc. (AWS)",http://www.awsys-i.com,Full time,Information Technology / IT,IT,Cebu City,"Cebu City, Cebu, Philippines",Data Reporting Analyst,1
General Services,Cyberbacker,https://cyberbackercareers.com/,Full time,"Advertising, Business Management and Office Functions",IT,Manila,"Manila, Metro Manila, Philippines",Cyberbacker: Remote Assistant,1
Accounting and Finance,Toyota Motor Philippines Corporation,http://www.toyota.com.ph,Full time,Automotive - Manufacturing,IT,Makati,"6811, Ayala Ave, Bel-Air, Makati, Metro Manila, Philippines",Financial Analyst,2
IT and Software,NCS Philippines Inc.,https://www.ncs.co,Full time,Information Technology / IT,IT,Taguig,"Fort Bonifacio, Taguig, Metro Manila, Philippines",Fullstack Developer,1
IT and Software,MedGrocer,http://www.medgrocer.com,Full time,Hospital / Health Care,IT,Makati,"408A, Sen. Gil Puyat Ave., Makati, Metro Manila, Philippines",Senior IT Manager,1
IT and Software,Multisys Technologies Corporation,https://www.multisyscorp.com/,Full time,Information Technology / IT,IT,Parañaque,"Mt. of Olives St, Moonwalk, Parañaque, Metro Manila, Philippines",Quality Assurance Specialist,1
IT and Software,Media Meter,https://media-meter.net/,Full time,Public Relations / PR,IT,Quezon City,"Don A. Roces Ave, Quezon City, Metro Manila, Philippines",Junior Front End Developer,1
IT and Software,NCS Philippines Inc.,https://www.ncs.co,Full time,Information Technology / IT,IT,Taguig,"Taguig, Metro Manila, Philippines",Solutions Architect,1
IT and Software,Stradcom Corporation,https://www.linkedin.com/company/stradcomph/mycompany/,Full time,Information Technology / IT,IT,Quezon City,"East Avenue, Quezon City, Metro Manila, Philippines, Quezon City, Metro Manila, Philippines",Business Systems Analyst,10
Sales and Marketing,Alveo Land Corporation,http://www.alveoland.com.ph,Full time,Real Estate,IT,Taguig,"Alveo Corporate Center, Taguig, Metro Manila, Philippines",Sales Manager,51
IT and Software,OSM Ship Management Pte. Ltd.,https://osmthome.com/about-us/,Full time,Maritime,IT,Manila,"Manila, Metro Manila, Philippines",Integration Engineer Mulesoft,1
Administration and Coordination,DHL Express (Philippines) Corporation,https://www.dhl.com,Full time,Logistics / Procurement,IT,Parañaque,"Parañaque, Metro Manila, Philippines",Network Control Group Manager,1
IT and Software,DHL Express (Philippines) Corporation,https://www.dhl.com,Full time,Logistics / Procurement,IT,Makati,"DHL House, 2306 Chino Roces Extension, Kayamanan C, Makati, Metro Manila, Philippines",Sales Analyst,1
Accounting and Finance,Distribution Solutions Phils Inc.,http://distriphil.com,Full time,Pharmaceuticals,IT,Parañaque,"Parañaque, Metro Manila, Philippines",Associate Credit and Collection Manager,1
Sales and Marketing,First Datacorp,http://www.first-datacorp.com/,Full time,Information Technology / IT,IT,Makati,"8741, Paseo de Roxas, Bel-Air, Makati, Metro Manila, Philippines",Cybersecurity Product Owner,1
Manufacturing and Production,Monde Nissin Corporation,http://www.mondenissin.com,Full time,Fast Moving Consumer Goods,IT,Makati,"Makati, Metro Manila, Philippines",Corporate Internal Auditor,1
Media and Creatives,"SG APAC, Inc.",https://www.slidegenius.ph/careers/,Full time,Graphic Design / Web Design,IT,Makati,"8757, Paseo de Roxas, Bel-Air, Makati, Metro Manila, Philippines",Senior Graphic Designer,10
Customer Service,Cast LMS (Buri Technologies Inc.),https://castlms.com/,Full time,Learning Software and Content Creation,IT,Quezon City,"Sct. Torillo, Sacred Heart, Quezon City, Metro Manila, Philippines",Operations and Customer Support Assistant,1
Media and Creatives,M2.0 Communications Inc.,https://m2comms.com/,Full time,Public Relations / PR,IT,Quezon City,"# 94 Scout Castor, Quezon City, Metro Manila, Philippines",Media Analyst,3
Sales and Marketing,Unicapital Group,http://www.unicapital-inc.com,Full time,Financial Services,IT,Makati,"3F Majalco Building, Makati, Metro Manila, Philippines",Credit Evaluator Senior Associate,1
Media and Creatives,Fil-Chi Media Productions Inc. (Chinoy TV),http://www.chinoy.tv,Full time,Broadcast Media,IT,Manila,"Manila, Metro Manila, Philippines",Multimedia Producer,1
Accounting and Finance,Triplex Enterprises Incorporated,https://triplexpaper.com/,Full time,Paper / Forest Products,IT,Makati,"2255 Chino Roces Ave, Makati, Metro Manila, Philippines, Makati, Metro Manila, Philippines",Credit and Collection  Team Leader,2
Media and Creatives,"SG APAC, Inc.",https://www.slidegenius.ph/careers/,Full time,Graphic Design / Web Design,IT,Makati,"8757, Paseo de Roxas, Bel-Air, Makati, Metro Manila, Philippines",Senior Graphic Designer,10
Manufacturing and Production,Monde Nissin Corporation,http://www.mondenissin.com,Full time,Fast Moving Consumer Goods,IT,Makati,"Makati, Metro Manila, Philippines",Corporate Internal Auditor,1
Manufacturing and Production,GINGERSNAPS Philippines,http://www.gingersnaps.com.ph,Full time,Apparel / Fashion,IT,Pasig,"St. Paul Compound, San Miguel, Pasig, Metro Manila, Philippines",Quality Control Manager and Auditor,1
Sales and Marketing,First Datacorp,http://www.first-datacorp.com/,Full time,Information Technology / IT,IT,Makati,"8741, Paseo de Roxas, Bel-Air, Makati, Metro Manila, Philippines",Cybersecurity Product Owner,1
Management and Consultancy,MedGrocer,http://www.medgrocer.com,Full time,Hospital / Health Care,IT,Makati,"408A, Sen. Gil Puyat Ave., Makati, Metro Manila, Philippines",Digital Health Manager,1
Health and Medical,MedGrocer,http://www.medgrocer.com,Full time,Hospital / Health Care,IT,Makati,"408A, Sen. Gil Puyat Ave., Makati, Metro Manila, Philippines",Medical Systems Analyst,1
Customer Service,Cast LMS (Buri Technologies Inc.),https://castlms.com/,Full time,Learning Software and Content Creation,IT,Quezon City,"Sct. Torillo, Sacred Heart, Quezon City, Metro Manila, Philippines",Operations and Customer Support Assistant,1
Media and Creatives,Fil-Chi Media Productions Inc. (Chinoy TV),http://www.chinoy.tv,Full time,Broadcast Media,IT,Manila,"Manila, Metro Manila, Philippines",Videographer,1
IT and Software,MCS Philippines,http://www.mercolaconsultingservices.com/,Contractual,Information Technology / IT,IT,Makati,"21F Trident Tower, 312 Sen Gil Puyat Avenue, Makati City, Makati, Metro Manila, Philippines",Systems Administrator,1
IT and Software,Hire Manila,https://hiremanila.com/,Contractual,Staffing / Recruiting,IT,Makati,"8767, Paseo de Roxas, Bel-Air, Makati, Metro Manila, Philippines",Social Media Community Manager,1
Legal,Hire Manila,https://hiremanila.com/,Full time,Staffing / Recruiting,IT,Quezon City,"Quezon City, Metro Manila, Philippines",Onsite Project Coordinator,2
IT and Software,Questronix Corporation,https://questronix.com.ph/,Full time,Information Technology / IT,IT,Makati,"178 Yakal St. Brgy. San Antonio, Makati, Metro Manila, Philippines",D365 Developer,1
IT and Software,Hire Manila,https://hiremanila.com/,Full time,Staffing / Recruiting,IT,Makati,"8767, Paseo de Roxas, Bel-Air, Makati, Metro Manila, Philippines",Technical SEO Engineer,1
IT and Software,Questronix Corporation,https://questronix.com.ph/,Full time,Information Technology / IT,IT,Makati,"178 Yakal St. Brgy. San Antonio, Makati, Metro Manila, Philippines",Cloud Engineer,1
IT and Software,M2.0 Communications Inc.,https://m2comms.com/,Full time,Public Relations / PR,IT,Quezon City,"Don A. Roces Ave, Quezon City, Metro Manila, Philippines",AI Software Engineer,1
IT and Software,Multisys Technologies Corporation,https://www.multisyscorp.com/,Full time,Information Technology / IT,IT,Parañaque,"Mt. of Olives St, Moonwalk, Parañaque, Metro Manila, Philippines",Service Delivery Specialist,1
Sales and Marketing,Alveo Land Corporation,http://www.alveoland.com.ph,Full time,Real Estate,IT,Santa Rosa,"Santa Rosa, Laguna, Philippines",Sales Director,1
Education and Training,Ateneo de Manila University,http://www.ateneo.edu/,Full time,Higher Education / Academia,IT,Quezon City,"Katipunan Ave, Loyola Heights, Quezon City, Metro Manila, Philippines",Project Assistant for Digital Transformation,1
Administration and Coordination,Ateneo de Manila University,http://www.ateneo.edu/,Contractual,Higher Education / Academia,IT,Quezon City,"Katipunan Ave, Loyola Heights, Quezon City, Metro Manila, Philippines",Project Staff for Facilities Reservations and Logistics Officer,1
IT and Software,DIREC BUSINESS TECHNOLOGIES INC.,https://direcbusiness.com/,Full time,Information Technology / IT,IT,Quezon City,"1670 Quezon Avenue , Quezon City, Metro Manila, Philippines",SAP Business One Functional Consultant,1
IT and Software,NCS Philippines Inc.,https://www.ncs.co,Full time,Information Technology / IT,IT,Taguig,"Fort Bonifacio, Taguig, Metro Manila, Philippines",Data Engineer,3
IT and Software,Modulus Labs Inc.,http://modulus-labs.com,Full time,Information Technology / IT,IT,San Juan,"San Juan, Metro Manila, Philippines",Senior Backend Developer,5
IT and Software,NCS Philippines Inc.,https://www.ncs.co,Full time,Information Technology / IT,IT,Taguig,"Fort Bonifacio, Taguig, Metro Manila, Philippines",Fullstack Developer,1
Media and Creatives,LeapFroggr Inc.,https://seriousmd.com,Full time,careers@leapfroggr.com,IT,Manila,"Manila, Metro Manila, Philippines",UI/UX Designer,3
Media and Creatives,Acromax Media,http://www.acromax-media.de/,Part time,Media Production,IT,Manila,"Manila, Metro Manila, Philippines",Digital Rights Intern,3
Administration and Coordination,NCS Philippines Inc.,https://www.ncs.co,Full time,Information Technology / IT,IT,Taguig,"Fort Bonifacio, Taguig, Metro Manila, Philippines",HRBP with IT Company Background,2
IT and Software,NCS Philippines Inc.,https://www.ncs.co,Contractual,Information Technology / IT,IT,Taguig,"Fort Bonifacio, Taguig, Metro Manila, Philippines",Business Analyst,1
IT and Software,Media Meter,https://media-meter.net/,Full time,Public Relations / PR,IT,Quezon City,"Don A. Roces Ave, Quezon City, Metro Manila, Philippines",Data Engineer,1
IT and Software,First Datacorp,http://www.first-datacorp.com/,Full time,Information Technology / IT,IT,Makati,"8741, Paseo de Roxas, Bel-Air, Makati, Metro Manila, Philippines",Security Systems Engineer,1
Media and Creatives,M2.0 Communications Inc.,https://m2comms.com/,Full time,Public Relations / PR,IT,Quezon City,"# 94 Scout Castor, Quezon City, Metro Manila, Philippines",Media Analyst,3
IT and Software,OSM Ship Management Pte. Ltd.,https://osmthome.com/about-us/,Full time,Maritime,IT,Manila,"Manila, Metro Manila, Philippines",Integration Engineer Mulesoft,1
Administration and Coordination,DHL Express (Philippines) Corporation,https://www.dhl.com,Full time,Logistics / Procurement,IT,Parañaque,"Parañaque, Metro Manila, Philippines",Network Control Group Manager,1
IT and Software,DHL Express (Philippines) Corporation,https://www.dhl.com,Full time,Logistics / Procurement,IT,Makati,"DHL House, 2306 Chino Roces Extension, Kayamanan C, Makati, Metro Manila, Philippines",Sales Analyst,1
Accounting and Finance,Distribution Solutions Phils Inc.,http://distriphil.com,Full time,Pharmaceuticals,IT,Parañaque,"Parañaque, Metro Manila, Philippines",Associate Credit and Collection Manager,1
Administration and Coordination,NCS Philippines Inc.,https://www.ncs.co,Full time,Information Technology / IT,IT,Taguig,"Fort Bonifacio, Taguig, Metro Manila, Philippines",HRBP with IT Company Background,2
IT and Software,NCS Philippines Inc.,https://www.ncs.co,Contractual,Information Technology / IT,IT,Taguig,"Fort Bonifacio, Taguig, Metro Manila, Philippines",Business Analyst,1
IT and Software,Media Meter,https://media-meter.net/,Full time,Public Relations / PR,IT,Quezon City,"Don A. Roces Ave, Quezon City, Metro Manila, Philippines",Data Engineer,1
IT and Software,First Datacorp,http://www.first-datacorp.com/,Full time,Information Technology / IT,IT,Makati,"8741, Paseo de Roxas, Bel-Air, Makati, Metro Manila, Philippines",Security Systems Engineer,1
Manufacturing and Production,Sprout Solutions,http://sprout.ph/,Full time,Information Technology / IT,IT,Mandaluyong,"United St, Highway Hills, Mandaluyong, Metro Manila, Philippines",Technical Designer,1
IT and Software,NCS Philippines Inc.,https://www.ncs.co,Full time,Information Technology / IT,IT,Taguig,"Fort Bonifacio, Taguig, Metro Manila, Philippines",AI Engineer,3
IT and Software,"Squadzip (Digital Space Explorer, Inc.)",https://squadzip.com,Full time,Computer Software / Engineering,IT,Makati,"1157 Rodriguez Avenue , Makati, Metro Manila, Philippines, Makati, Metro Manila, Philippines",Product Management Associate,2
Human Resources,LeapFroggr Inc.,https://seriousmd.com,Full time,careers@leapfroggr.com,IT,Manila,"Manila, Metro Manila, Philippines",Technical Recruiter,2
IT and Software,"Squadzip (Digital Space Explorer, Inc.)",https://squadzip.com,Full time,Computer Software / Engineering,IT,Makati,"1157, Rodriguez Ave, Bangkal, Makati, Metro Manila, Philippines",Junior DevOps Engineer,1
IT and Software,QueueFortress Inc.,https://www.queuefortress.com/,Full time,Information Technology / IT,IT,Manila,"Manila, Metro Manila, Philippines",IT Technical Pod Lead L3,1
IT and Software,NCS Philippines Inc.,https://www.ncs.co,Full time,Information Technology / IT,IT,Taguig,"Fort Bonifacio, Taguig, Metro Manila, Philippines",Senior Project Manager,1
IT and Software,XScribe Solutions Inc,http://www.xscribeinc.com,Full time,Information Technology / IT,IT,Quezon City,"Quezon City, Metro Manila, Philippines",Junior Business Analyst,2
IT and Software,DIREC BUSINESS TECHNOLOGIES INC.,https://direcbusiness.com/,Full time,Information Technology / IT,IT,Quezon City,"1670 Quezon Avenue , Quezon City, Metro Manila, Philippines",Technical Consultant,4
IT and Software,M2.0 Communications Inc.,https://m2comms.com/,Full time,Public Relations / PR,IT,Quezon City,"# 94 Scout Castor, Quezon City, Metro Manila, Philippines",Junior Data Analyst,1
Human Resources,Triplex Enterprises Incorporated,https://triplexpaper.com/,Full time,Paper / Forest Products,IT,Makati,"2255 Chino Roces Ave, Makati, Metro Manila, Philippines",HR Recruitment officer,2
Media and Creatives,M2.0 Communications Inc.,https://m2comms.com/,Full time,Public Relations / PR,IT,Quezon City,"# 94 Scout Castor, Quezon City, Metro Manila, Philippines",Junior Graphic Designer,1
Media and Creatives,Hashtag Interactive,https://www.hashtag-interactive.com/,Full time,Marketing / Advertising / Sales,IT,Taguig,"Taguig, Metro Manila, Philippines",Digital Designer,1
IT and Software,MCS Philippines,http://www.mercolaconsultingservices.com/,Contractual,Information Technology / IT,IT,Makati,"312, Buendia, Bel-Air, Makati, Metro Manila, Philippines",UI/UX Designer,1
IT and Software,M2.0 Communications Inc.,https://m2comms.com/,Full time,Public Relations / PR,IT,Quezon City,"# 94 Scout Castor, Quezon City, Metro Manila, Philippines",Junior Management Information System Support,1
IT and Software,MedGrocer,http://www.medgrocer.com,Full time,Hospital / Health Care,IT,Makati,"408A, Sen. Gil Puyat Ave., Makati, Metro Manila, Philippines",UI Manager,1
Media and Creatives,CUE Digital International Phil. Branch,https://cue.group/en/,Full time,Marketing / Advertising / Sales,IT,Taguig,"Taguig, Metro Manila, Philippines",Copywriter,1
IT and Software,ThinkBIT Solutions,https://thinkbitsolutions.com/,Full time,Information Technology / IT,IT,Quezon City,"24 21st Avenue, Cubao, Quezon City, NCR, Philippines",Flutter Developer Work From Home,1
Administration and Coordination,WIBS PHP INC.,https://wibs-php.com/,Full time,Financial Services,IT,Makati,"6789, Ayala Ave, Bel-Air, Makati, Metro Manila, Philippines",Admin and Project Support Specialist,5
IT and Software,M2.0 Communications Inc.,https://m2comms.com/,Full time,Public Relations / PR,IT,Quezon City,"# 94 Scout Castor, Quezon City, Metro Manila, Philippines",Junior Front End Web Developer,1
IT and Software,ThinkBIT Solutions,https://thinkbitsolutions.com/,Full time,Information Technology / IT,IT,Quezon City,"24 21st Avenue, Cubao, Quezon City, NCR, Philippines",Web Developer PHP Laravel Work From Home,1
IT and Software,Sprout Solutions,http://sprout.ph/,Full time,Information Technology / IT,IT,Mandaluyong,"United St, Highway Hills, Mandaluyong, Metro Manila, Philippines",Product Manager,1
IT and Software,"Advanced World Systems, Inc. / Advanced World Solutions, Inc. (AWS)",http://www.awsys-i.com,Full time,Information Technology / IT,IT,Muntinlupa,"Muntinlupa, Metro Manila, Philippines",Junior R&D Engineer,20
Writing and Content,M2.0 Communications Inc.,https://m2comms.com/,Freelance,Public Relations / PR,IT,Quezon City,"# 94 Scout Castor, Quezon City, Metro Manila, Philippines",Content Writer,1
IT and Software,NCS Philippines Inc.,https://www.ncs.co,Full time,Information Technology / IT,IT,Taguig,"Fort Bonifacio, Taguig, Metro Manila, Philippines",Application Support Specialist,1
IT and Software,Concepcion Industrial Corporation,https://concepcion.ph/,Full time,Consumer Goods,IT,Muntinlupa,"Muntinlupa, Metro Manila, Philippines",IT Operations Lead,1
IT and Software,UTAK POS,https://www.utak.io/careers,Full time,Information Technology / IT,IT,Quezon City,"LaunchGarage, Quezon City, Eastwood, Metro Manila, Philippines, Quezon City, Metro Manila, Philippines",Onsite Technical Support Associate,1
Media and Creatives,Streamlined Campaigns,http://www.streamlinedcampaigns.com/,Full time,Media and Creatives,IT,Quezon City,"68, Mayon Ave, Santa Teresita, Quezon City, Metro Manila, Philippines",Junior Multimedia Designer,2
Health and Medical,"Vector Outsourcing Solutions Phils., Inc.",https://vectoroutsourcingbpo.com/,Full time,Business Process Outsourcing,IT,Mandaluyong,"530, Shaw Blvd, Wack-Wack Greenhills, Mandaluyong, Metro Manila, Philippines",Reports Analyst,1
IT and Software,Astro Technologies Indonesia,http://www.astronauts.id,Full time,E-Commerce,IT,West Jakarta,"27, Jalan Tomang Raya, Tomang Kel., Grogol Petamburan, West Jakarta, DKI Jakarta, Indonesia",Quality Engineer,1
IT and Software,Astro Technologies Indonesia,http://www.astronauts.id,Full time,E-Commerce,IT,West Jakarta,"27, Jalan Tomang Raya, Tomang Kel., Grogol Petamburan, West Jakarta, DKI Jakarta, Indonesia",DevOps Engineer,1
IT and Software,Astro Technologies Indonesia,http://www.astronauts.id,Full time,E-Commerce,IT,West Jakarta,"27, Jalan Tomang Raya, Tomang Kel., Grogol Petamburan, West Jakarta, DKI Jakarta, Indonesia",Intern Product Manager,1
IT and Software,Turnkey Inside,https://turnkeyinside.com/,Contractual,Financial Services,IT,Tangerang,"105, Jalan Boulevard Diponegoro, Kelapa Dua Kel., Kelapa Dua, Tangerang, Banten, Indonesia",CTO Executive Assistant,1
IT and Software,Astro Technologies Indonesia,http://www.astronauts.id,Full time,E-Commerce,IT,West Jakarta,"27, Jalan Tomang Raya, Tomang Kel., Grogol Petamburan, West Jakarta, DKI Jakarta, Indonesia",Android Engineer,1
IT and Software,Astro Technologies Indonesia,http://www.astronauts.id,Full time,E-Commerce,IT,West Jakarta,"27, Jalan Tomang Raya, Tomang Kel., Grogol Petamburan, West Jakarta, DKI Jakarta, Indonesia",Quality Engineer,1
IT and Software,Astro Technologies Indonesia,http://www.astronauts.id,Full time,E-Commerce,IT,West Jakarta,"27, Jalan Tomang Raya, Tomang Kel., Grogol Petamburan, West Jakarta, DKI Jakarta, Indonesia",DevOps Engineer,1
IT and Software,Astro Technologies Indonesia,http://www.astronauts.id,Full time,E-Commerce,IT,West Jakarta,"27, Jalan Tomang Raya, Tomang Kel., Grogol Petamburan, West Jakarta, DKI Jakarta, Indonesia",Intern Product Manager,1
IT and Software,Turnkey Inside,https://turnkeyinside.com/,Contractual,Financial Services,IT,Tangerang,"105, Jalan Boulevard Diponegoro, Kelapa Dua Kel., Kelapa Dua, Tangerang, Banten, Indonesia",CTO Executive Assistant,1
IT and Software,Mobius Digital,http://mobiusdigital.co.id,Full time,Information Technology / IT,IT,Central Jakarta,"Central Jakarta, DKI Jakarta, Indonesia",Golang Developer,10
Financial Services,Bai Finance Group of Companies,,Full time,Financial Services,IT,Cebu City,"One Rosal Place, J.Solon Dr., Cebu City 6000 Cebu Philippines",Video Editor,1
Telecommunications,Bellsoft Global,,Full time,Telecommunications,IT,Mandaluyong,Greenhills Ortigas 1605 Mandaluyong Philippines,FLIGHT RESERVATION - CHAT SUPPORT- NON VOICE AGENT,45
Telecommunications,Bellsoft Global,,Full time,Telecommunications,IT,Mandaluyong,Greenhills Ortigas 1605 Mandaluyong Philippines,Chat support - Non voice - Food order taking- Open for Newbies,54
